{
  "Back Kitchen": {
    "12-13": {
      "sum": 2723.67,
      "count": 3
    },
    "13-14": {
      "sum": 762,
      "count": 2
    },
    "15-16": {
      "sum": 791,
      "count": 1
    },
    "18-19": {
      "sum": 5348.3,
      "count": 7
    },
    "19-20": {
      "sum": 4479.0599999999995,
      "count": 7
    },
    "20-21": {
      "sum": 4042.0600000000004,
      "count": 7
    },
    "21-22": {
      "sum": 3968.95,
      "count": 7
    },
    "22-23": {
      "sum": 3530.1,
      "count": 6
    },
    "23-24": {
      "sum": 2766.9300000000003,
      "count": 4
    },
    "14-15": {
      "sum": 1359.5,
      "count": 2
    },
    "17-18": {
      "sum": 677,
      "count": 1
    }
  },
  "CL Bar POS 1": {
    "12-13": {
      "sum": 1417,
      "count": 2
    },
    "13-14": {
      "sum": 1895.92,
      "count": 4
    },
    "14-15": {
      "sum": 985.1,
      "count": 2
    },
    "15-16": {
      "sum": 739.43,
      "count": 1
    },
    "17-18": {
      "sum": 811,
      "count": 2
    },
    "18-19": {
      "sum": 3151.6800000000003,
      "count": 7
    },
    "19-20": {
      "sum": 2659.6500000000005,
      "count": 7
    },
    "20-21": {
      "sum": 2439.64,
      "count": 7
    },
    "21-22": {
      "sum": 4512.2,
      "count": 7
    },
    "22-23": {
      "sum": 2645.97,
      "count": 7
    },
    "23-24": {
      "sum": 2402.37,
      "count": 6
    },
    "0-1": {
      "sum": 1136.17,
      "count": 3
    }
  },
  "CL Bar POS 2": {
    "12-13": {
      "sum": 1417,
      "count": 2
    },
    "13-14": {
      "sum": 1895.92,
      "count": 4
    },
    "14-15": {
      "sum": 985.1,
      "count": 2
    },
    "15-16": {
      "sum": 739.43,
      "count": 1
    },
    "17-18": {
      "sum": 811,
      "count": 2
    },
    "18-19": {
      "sum": 3151.6800000000003,
      "count": 7
    },
    "19-20": {
      "sum": 2659.6500000000005,
      "count": 7
    },
    "20-21": {
      "sum": 2439.64,
      "count": 7
    },
    "21-22": {
      "sum": 4512.2,
      "count": 7
    },
    "22-23": {
      "sum": 2645.97,
      "count": 7
    },
    "23-24": {
      "sum": 2402.37,
      "count": 6
    },
    "0-1": {
      "sum": 1136.17,
      "count": 3
    }
  },
  "CL Bar POS 3": {
    "12-13": {
      "sum": 1417,
      "count": 2
    },
    "13-14": {
      "sum": 1895.92,
      "count": 4
    },
    "14-15": {
      "sum": 985.1,
      "count": 2
    },
    "15-16": {
      "sum": 739.43,
      "count": 1
    },
    "17-18": {
      "sum": 811,
      "count": 2
    },
    "18-19": {
      "sum": 3151.6800000000003,
      "count": 7
    },
    "19-20": {
      "sum": 2659.6500000000005,
      "count": 7
    },
    "20-21": {
      "sum": 2439.64,
      "count": 7
    },
    "21-22": {
      "sum": 4512.2,
      "count": 7
    },
    "22-23": {
      "sum": 2645.97,
      "count": 7
    },
    "23-24": {
      "sum": 2402.37,
      "count": 6
    },
    "0-1": {
      "sum": 1136.17,
      "count": 3
    }
  },
  "CL Bar POS 4": {
    "12-13": {
      "sum": 1417,
      "count": 2
    },
    "13-14": {
      "sum": 1895.92,
      "count": 4
    },
    "14-15": {
      "sum": 985.1,
      "count": 2
    },
    "15-16": {
      "sum": 739.43,
      "count": 1
    },
    "17-18": {
      "sum": 811,
      "count": 2
    },
    "18-19": {
      "sum": 3151.6800000000003,
      "count": 7
    },
    "19-20": {
      "sum": 2659.6500000000005,
      "count": 7
    },
    "20-21": {
      "sum": 2439.64,
      "count": 7
    },
    "21-22": {
      "sum": 4512.2,
      "count": 7
    },
    "22-23": {
      "sum": 2645.97,
      "count": 7
    },
    "23-24": {
      "sum": 2402.37,
      "count": 6
    },
    "0-1": {
      "sum": 1136.17,
      "count": 3
    }
  },
  "CL Champagne POS 1": {
    "12-13": {
      "sum": 1417,
      "count": 2
    },
    "13-14": {
      "sum": 1895.92,
      "count": 4
    },
    "14-15": {
      "sum": 985.1,
      "count": 2
    },
    "15-16": {
      "sum": 739.43,
      "count": 1
    },
    "17-18": {
      "sum": 811,
      "count": 2
    },
    "18-19": {
      "sum": 3151.6800000000003,
      "count": 7
    },
    "19-20": {
      "sum": 2659.6500000000005,
      "count": 7
    },
    "20-21": {
      "sum": 2439.64,
      "count": 7
    },
    "21-22": {
      "sum": 4512.2,
      "count": 7
    },
    "22-23": {
      "sum": 2645.97,
      "count": 7
    },
    "23-24": {
      "sum": 2402.37,
      "count": 6
    },
    "0-1": {
      "sum": 1136.17,
      "count": 3
    }
  },
  "CL Champagne POS 2": {
    "12-13": {
      "sum": 1417,
      "count": 2
    },
    "13-14": {
      "sum": 1895.92,
      "count": 4
    },
    "14-15": {
      "sum": 985.1,
      "count": 2
    },
    "15-16": {
      "sum": 739.43,
      "count": 1
    },
    "17-18": {
      "sum": 811,
      "count": 2
    },
    "18-19": {
      "sum": 3151.6800000000003,
      "count": 7
    },
    "19-20": {
      "sum": 2659.6500000000005,
      "count": 7
    },
    "20-21": {
      "sum": 2439.64,
      "count": 7
    },
    "21-22": {
      "sum": 4512.2,
      "count": 7
    },
    "22-23": {
      "sum": 2645.97,
      "count": 7
    },
    "23-24": {
      "sum": 2402.37,
      "count": 6
    },
    "0-1": {
      "sum": 1136.17,
      "count": 3
    }
  },
  "CL Champagne POS 3": {
    "12-13": {
      "sum": 1417,
      "count": 2
    },
    "13-14": {
      "sum": 1895.92,
      "count": 4
    },
    "14-15": {
      "sum": 985.1,
      "count": 2
    },
    "15-16": {
      "sum": 739.43,
      "count": 1
    },
    "17-18": {
      "sum": 811,
      "count": 2
    },
    "18-19": {
      "sum": 3151.6800000000003,
      "count": 7
    },
    "19-20": {
      "sum": 2659.6500000000005,
      "count": 7
    },
    "20-21": {
      "sum": 2439.64,
      "count": 7
    },
    "21-22": {
      "sum": 4512.2,
      "count": 7
    },
    "22-23": {
      "sum": 2645.97,
      "count": 7
    },
    "23-24": {
      "sum": 2402.37,
      "count": 6
    },
    "0-1": {
      "sum": 1136.17,
      "count": 3
    }
  },
  "Cold Expo": {
    "12-13": {
      "sum": 2476.28,
      "count": 5
    },
    "13-14": {
      "sum": 2387.84,
      "count": 5
    },
    "14-15": {
      "sum": 2088.79,
      "count": 5
    },
    "15-16": {
      "sum": 1484.01,
      "count": 4
    },
    "16-17": {
      "sum": 728.5,
      "count": 1
    },
    "17-18": {
      "sum": 1470.7600000000002,
      "count": 3
    },
    "18-19": {
      "sum": 2799.02,
      "count": 7
    },
    "19-20": {
      "sum": 3035.3199999999997,
      "count": 7
    },
    "20-21": {
      "sum": 2634.81,
      "count": 7
    },
    "21-22": {
      "sum": 2783.9900000000002,
      "count": 7
    },
    "22-23": {
      "sum": 2676.93,
      "count": 7
    },
    "23-24": {
      "sum": 2431.68,
      "count": 7
    },
    "11-12": {
      "sum": 386,
      "count": 1
    },
    "0-1": {
      "sum": 1602.17,
      "count": 3
    },
    "1-2": {
      "sum": 189,
      "count": 1
    }
  },
  "Crudo": {
    "12-13": {
      "sum": 2997.9800000000005,
      "count": 5
    },
    "13-14": {
      "sum": 2712.67,
      "count": 5
    },
    "14-15": {
      "sum": 2789.92,
      "count": 5
    },
    "15-16": {
      "sum": 562,
      "count": 1
    },
    "17-18": {
      "sum": 1291,
      "count": 2
    },
    "18-19": {
      "sum": 4599.53,
      "count": 7
    },
    "19-20": {
      "sum": 4314.79,
      "count": 7
    },
    "20-21": {
      "sum": 3369.83,
      "count": 7
    },
    "21-22": {
      "sum": 3700.9800000000005,
      "count": 7
    },
    "22-23": {
      "sum": 3525.62,
      "count": 7
    },
    "23-24": {
      "sum": 3135.93,
      "count": 6
    }
  },
  "Fryer": {
    "12-13": {
      "sum": 2815,
      "count": 5
    },
    "13-14": {
      "sum": 3263,
      "count": 5
    },
    "14-15": {
      "sum": 3217.24,
      "count": 4
    },
    "15-16": {
      "sum": 981,
      "count": 1
    },